model,horizon,RMSE,MAE,NSE,KGE,peak_bias,n
persistence,1,156.38169667324274,59.73260183968463,0.5420480222979863,0.7710223707947238,-0.360720252079037,1522
seasonal_naive,1,276.7526769829231,128.70061760840997,-0.4342727864805169,0.27402637190149937,-0.66870758591338,1522
climatology,1,219.64848724692936,102.71177086492133,0.0965491505548749,0.07471578346057572,-0.8765813922380625,1522
arima,1,241.61227830145242,93.3958057154844,-0.09316595702729713,-0.5061837768088766,-0.9685590492561953,1522
persistence,2,230.2371300368389,91.19742274819198,0.007916581296187886,0.5039467080244465,-0.6482314664713529,1521
seasonal_naive,2,276.84302845441727,128.770322156476,-0.434381409608507,0.2739394537619072,-0.66870758591338,1521
climatology,2,219.7178216530916,102.75386634130716,0.09650025507820148,0.07462830432480372,-0.8765813922380625,1521
arima,2,241.69049359006678,93.42882197107676,-0.09324274077933059,-0.5051228257630265,-0.9685590492561953,1521
persistence,3,253.05150102639288,106.33047368421053,-0.19776001168035706,0.40110115002585833,-0.6827908831320693,1520
seasonal_naive,3,276.9337414153001,128.84392763157894,-0.43451046342429844,0.2738481468849626,-0.66870758591338,1520
climatology,3,219.78832358225304,102.79997904014844,0.09643124017407634,0.07453422632681816,-0.8765813922380625,1520
arima,3,241.77536407223272,93.50955075760137,-0.09339243819267429,-0.5131534542627065,-0.9685590492561953,1520
