muc,chi_tieu,gia_tri
1,số ngày,6087
1,khoảng,2010-01-01 → 2026-08-31
1,discharge thiếu (%),0.0
1,mưa thiếu (%),0.0
1,Q trung vị (m³/s),49.7
1,Q p99 (m³/s),1168.8
1,Q cực đại (m³/s),3588.2
1,ngày đạt cực đại,2011-11-08
1,hệ số bất đối xứng,5.91
1,hình,eda1_tong_quan.png
2,tháng Q trung vị lớn nhất,10
2,Q trung vị tháng đó (m³/s),118.3
2,Q trung vị tháng thấp nhất,30.4
2,tỉ lệ dòng chảy tháng 9–12 (%),58.6
2,hình,eda2_mua_vu.png
3,lag tốt nhất · cả năm,1
3,r tại lag đó · cả năm,0.789
3,lag tốt nhất · mùa lũ (9–12),1
3,r tại lag đó · mùa lũ (9–12),0.789
3,lag tốt nhất · mùa khô (1–8),1
3,r tại lag đó · mùa khô (1–8),0.693
3,lag tốt nhất · rain_basin,1
3,r tại lag đó · rain_basin,0.789
3,lag tốt nhất · rain_thuong,1
3,r tại lag đó · rain_thuong,0.79
3,lag tốt nhất · rain_trung,1
3,r tại lag đó · rain_trung,0.765
3,lag tốt nhất · rain_ha,1
3,r tại lag đó · rain_ha,0.729
3,hình,eda3_lag.png
4,"r(mưa 1 ngày, Q)",0.642
4,"r(mưa 3 ngày, Q)",0.863
4,"r(mưa 7 ngày, Q)",0.712
4,"r(mưa 14 ngày, Q)",0.568
4,"r(chỉ số API, Q)",0.616
4,Q trung vị khi mưa lớn + nền ẩm,585.1
4,Q trung vị khi mưa lớn + nền khô,84.9
4,tỉ số ẩm/khô,6.89
4,hình,eda4_api.png
5,2020-10b · H (m),4.17
5,2020-10b · Q (m³/s),2060
5,2023-11 · H (m),4.34
5,2023-11 · Q (m³/s),584
5,2025-10a · H (m),5.05
5,2025-10a · Q (m³/s),2022
5,hình,eda5_su_kien.png
6,phân vị 90.0% (m³/s),258.4
6,số ngày ≥ phân vị 90.0%,610
6,phân vị 95.0% (m³/s),430.2
6,số ngày ≥ phân vị 95.0%,305
6,phân vị 99.0% (m³/s),1168.8
6,số ngày ≥ phân vị 99.0%,61
6,phân vị 99.5% (m³/s),1556.0
6,số ngày ≥ phân vị 99.5%,31
6,đỉnh năm trung vị (m³/s),1789.6
6,hình,eda6_cuc_tri.png
7,trung vị trước / sau,49.9 / 49.4
7,p99 trước / sau,1126.8 / 1216.9
7,kết luận,không có bằng chứng đổi biên độ — FINDINGS_REGIME.md
7,hình,eda7_che_do.png
8,rain_thuong TB (mm/ngày),8.36
8,rain_trung TB (mm/ngày),8.41
8,rain_ha TB (mm/ngày),6.64
8,"r(rain_thuong, Q)",0.632
8,"r(rain_trung, Q)",0.622
8,"r(rain_ha, Q)",0.606
8,hình,eda8_khong_gian.png
