feature,gain,horizon
discharge,724,1
q_diff1,702,1
rain_thuong,479,1
discharge_lag2,413,1
discharge_lag14,409,1
doy_cos,383,1
doy_sin,376,1
rain_thuong_lag1,374,1
discharge_lag1,367,1
rain_ha,359,1
rain_thuong_lag2,353,1
discharge_lag12,349,1
discharge_lag13,336,1
rain_basin,333,1
rain_ha_lag1,333,1
rain_ha_lag7,333,1
rain_trung,327,1
discharge_lag9,318,1
q_diff3,318,1
rain_thuong_lag4,310,1
rain_trung_lag1,309,1
rain_thuong_lag7,301,1
discharge_lag5,300,1
rain_thuong_lag5,287,1
discharge_lag4,286,1
discharge_lag3,282,1
discharge_lag8,280,1
rain_thuong_lag6,275,1
rain_ha_lag3,274,1
rain_ha_lag6,273,1
discharge_lag11,273,1
discharge_lag6,271,1
discharge_lag10,270,1
rain_ha_lag5,269,1
discharge_lag7,268,1
rain_thuong_lag3,268,1
rain_trung_lag2,265,1
rain_trung_lag7,258,1
rain_basin_lag1,246,1
rain_ha_lag4,236,1
rain_ha_lag2,229,1
rain_ha_roll3,225,1
rain_basin_lag2,225,1
rain_trung_lag3,218,1
rain_trung_lag4,214,1
rain_ha_roll7,211,1
api,199,1
rain_trung_lag5,199,1
rain_basin_lag5,196,1
rain_basin_lag6,196,1
rain_thuong_roll3,195,1
rain_thuong_roll7,195,1
rain_ha_roll5,194,1
rain_basin_lag7,194,1
rain_basin_lag3,193,1
rain_basin_lag4,188,1
rain_trung_lag6,187,1
rain_thuong_roll5,173,1
rain_trung_roll5,161,1
rain_trung_roll3,160,1
rain_basin_roll5,157,1
rain_trung_roll7,147,1
rain_basin_roll3,143,1
month,111,1
rain_basin_roll7,102,1
mua_lu,1,1
doy_sin,514,2
doy_cos,501,2
discharge,446,2
rain_thuong,443,2
discharge_lag11,386,2
discharge_lag14,382,2
discharge_lag9,365,2
discharge_lag12,359,2
q_diff1,358,2
discharge_lag13,356,2
discharge_lag8,352,2
discharge_lag10,352,2
rain_ha,347,2
discharge_lag6,334,2
rain_ha_lag5,328,2
rain_ha_lag7,324,2
discharge_lag4,312,2
rain_thuong_lag2,311,2
rain_thuong_lag4,309,2
rain_thuong_lag7,309,2
discharge_lag3,303,2
discharge_lag2,301,2
rain_thuong_lag1,301,2
discharge_lag5,300,2
rain_trung,298,2
discharge_lag1,297,2
q_diff3,294,2
api,291,2
rain_thuong_lag6,289,2
rain_ha_lag3,286,2
rain_ha_lag1,286,2
discharge_lag7,283,2
rain_ha_lag6,283,2
rain_basin,277,2
rain_ha_lag4,276,2
rain_thuong_lag3,271,2
rain_trung_lag1,258,2
rain_ha_lag2,257,2
rain_thuong_lag5,244,2
rain_basin_lag7,241,2
rain_trung_lag4,239,2
rain_trung_lag5,237,2
rain_trung_lag7,237,2
rain_trung_lag3,226,2
rain_basin_lag4,226,2
rain_thuong_roll3,223,2
rain_ha_roll5,220,2
rain_thuong_roll7,217,2
rain_ha_roll3,214,2
rain_trung_lag6,207,2
rain_trung_roll7,206,2
rain_basin_lag6,205,2
rain_trung_roll5,205,2
rain_basin_lag1,205,2
rain_basin_lag3,204,2
rain_basin_lag2,202,2
rain_ha_roll7,200,2
rain_thuong_roll5,196,2
rain_trung_roll3,192,2
rain_basin_lag5,191,2
rain_trung_lag2,186,2
rain_basin_roll5,137,2
rain_basin_roll7,137,2
month,134,2
rain_basin_roll3,129,2
mua_lu,1,2
doy_sin,630,3
doy_cos,593,3
discharge_lag14,480,3
discharge_lag13,408,3
rain_thuong,402,3
discharge_lag8,390,3
discharge_lag12,368,3
discharge,366,3
discharge_lag10,365,3
rain_ha,356,3
discharge_lag11,356,3
rain_thuong_lag7,350,3
discharge_lag9,342,3
discharge_lag7,321,3
rain_ha_lag7,318,3
rain_ha_lag4,315,3
rain_thuong_lag1,311,3
discharge_lag4,308,3
q_diff1,298,3
discharge_lag6,297,3
rain_ha_lag6,296,3
rain_trung,294,3
rain_ha_lag3,292,3
rain_ha_lag1,292,3
api,281,3
rain_thuong_lag4,277,3
rain_thuong_lag5,274,3
rain_thuong_lag6,274,3
discharge_lag1,274,3
q_diff3,271,3
rain_thuong_roll7,270,3
rain_thuong_lag3,269,3
rain_ha_lag5,266,3
rain_ha_roll5,266,3
rain_basin,260,3
rain_trung_lag1,258,3
discharge_lag5,255,3
discharge_lag3,253,3
rain_trung_lag7,250,3
rain_ha_roll7,247,3
rain_thuong_roll3,247,3
discharge_lag2,240,3
rain_trung_roll5,240,3
rain_thuong_lag2,239,3
rain_ha_lag2,228,3
rain_trung_lag5,225,3
rain_ha_roll3,220,3
rain_trung_lag2,218,3
rain_trung_lag3,215,3
rain_basin_lag3,215,3
rain_basin_lag2,213,3
rain_basin_lag4,209,3
rain_basin_lag7,209,3
rain_trung_lag6,206,3
rain_trung_lag4,205,3
rain_thuong_roll5,200,3
rain_basin_lag1,190,3
rain_trung_roll7,177,3
rain_basin_lag6,174,3
month,174,3
rain_trung_roll3,169,3
rain_basin_lag5,165,3
rain_basin_roll3,146,3
rain_basin_roll5,143,3
rain_basin_roll7,138,3
mua_lu,2,3
