nam,q_dinh,mua_mua_lu,n,che_do,dinh_tren_mua
2010,1789.6,1445.2,122,truoc,1.2
2011,3588.2,2468.6,122,truoc,1.5
2012,962.8,946.0,122,truoc,1.0
2013,1720.9,1964.7,122,truoc,0.9
2014,484.3,1015.5,122,truoc,0.5
2015,1275.4,1135.2,122,truoc,1.1
2016,2903.0,1917.9,122,truoc,1.5
2017,2375.8,1902.6,122,truoc,1.2
2018,514.2,1167.5,122,truoc,0.4
2019,1053.4,1167.6,122,truoc,0.9
2020,2059.6,2738.0,122,truoc,0.8
2021,1709.0,2175.5,122,truoc,0.8
2022,1966.9,1878.5,122,sau,1.0
2023,2012.7,1796.7,122,sau,1.1
2024,2045.4,1901.5,122,sau,1.1
2025,2903.0,2189.1,122,sau,1.3
