horizon,sigma,n,NSE,RMSE,peak_bias
1,0.0,1522,0.742,117.4,-0.46
1,0.2,1522,0.737,118.6,-0.467
1,0.4,1522,0.727,120.7,-0.473
1,0.6,1522,0.702,126.2,-0.513
1,0.8,1522,0.713,123.9,-0.473
1,1.0,1522,0.683,130.1,-0.525
2,0.0,1521,0.422,175.8,-0.75
2,0.2,1521,0.425,175.3,-0.745
2,0.4,1521,0.413,177.1,-0.751
2,0.6,1521,0.411,177.5,-0.753
2,0.8,1521,0.403,178.6,-0.751
2,1.0,1521,0.384,181.4,-0.766
3,0.0,1520,0.167,211.1,-0.885
3,0.2,1520,0.163,211.6,-0.886
3,0.4,1520,0.162,211.7,-0.888
3,0.6,1520,0.169,210.8,-0.88
3,0.8,1520,0.166,211.1,-0.888
3,1.0,1520,0.172,210.4,-0.876
