event_id,station,peak_date,peak_H_m,alert_level,source_type,source_url,accessed_date,confidence,window_days,regime,notes
1983-10,kim_long,1983-10-30,4.88,BD3,paper,https://csdlkhoahoc.hueuni.edu.vn/data/2024/7/6519-Article_Text-31346-1-10-20240409.pdf,2026-09-21,cao,2,truoc_1984,"P2 Bảng 5 #1: ""Lũ bắt đầu lên nhanh từ ngày 28 kéo dài đến 19 h ngày 30/10. Đỉnh lũ tại Phú Ốc là 4,89 m, tại Kim Long là 4,88 m."" NGOÀI phạm vi GloFAS (bắt đầu 1984) — chỉ dùng tham chiếu, KHÔNG fit."
1984-10,kim_long,1984-10-13,3.61,BD3,paper,https://csdlkhoahoc.hueuni.edu.vn/data/2024/7/6519-Article_Text-31346-1-10-20240409.pdf,2026-09-21,thap,3,truoc_moc_gay,"P2 Bảng 5 #2, 12-14/10/1984: ""Đỉnh lũ vượt báo động III tại Phú Ốc là 0,15 m, tại Kim Long đỉnh là 0,61 m"". Nguồn KHÔNG cho mực nước tuyệt đối. 3,61 m = 3,00 + 0,61 vì BĐ III thời kỳ đó là 3,00 m (xem docs/THRESHOLDS.md §2b). Nếu dùng 3,50 m của hôm nay sẽ ra 4,11 m — sai 0,5 m. Ngày đỉnh không rõ trong khoảng 12-14/10."
1995-10,kim_long,1995-10-08,4.65,BD3,paper,https://journal.hcmue.edu.vn/index.php/hcmuejos/article/download/2057/2042,2026-09-21,trung binh,2,truoc_moc_gay,"P1: ""Không khí lạnh kết hợp với hội tụ nhiệt đới từ ngày 6 - 9/X/1995 đã gây mưa rất lớn diện rộng trên lưu vực sông Hương, đỉnh lũ tại Kim Long dâng cao 4,65m"". Ngày đỉnh không nêu; lấy giữa khoảng 6-9/10."
1998-11,kim_long,1998-11-21,4.47,BD3,paper,https://csdlkhoahoc.hueuni.edu.vn/data/2024/7/6519-Article_Text-31346-1-10-20240409.pdf,2026-09-21,trung binh,2,truoc_moc_gay,"P2 Bảng 5 #4, 19-22/11/1998: ""Đỉnh lũ tại Huế đạt mức 4,47 m (trên báo động III: 1,47 m)."" 4,47-1,47 = 3,00 ⇒ BẰNG CHỨNG BĐ III thời kỳ đó là 3,00 m. Trạm ghi là ""Huế"", suy là Kim Long (trạm mực nước sông Hương tại Huế)."
1999-11,kim_long,1999-11-02,5.81,BD3,paper,https://journal.hcmue.edu.vn/index.php/hcmuejos/article/download/2057/2042,2026-09-21,cao,3,truoc_moc_gay,"P1: ""1999: 5,81m"" — đỉnh lũ lịch sử. P2 Bảng 5 #5 cho khoảng 01-06/11/1999 và Phú Ốc +5,18 m. Lưu lượng thực đo/tính toán 14.000 m3/s (P2) — so với GloFAS max toàn chuỗi ~2.635 m3/s: GloFAS hạ thấp đỉnh cực đoan rất nhiều, xem FINDINGS_EVENTS.md §3."
2000-10,kim_long,2000-10-09,3.63,BD3,paper,https://csdlkhoahoc.hueuni.edu.vn/data/2024/7/6519-Article_Text-31346-1-10-20240409.pdf,2026-09-21,trung binh,3,truoc_moc_gay,"P2 Bảng 5 #6, 06-11/10/2000: ""Lũ trên Sông Hương đạt 3,63 m, trên báo động III là 0,63 m"". 3,63-0,63 = 3,00 ⇒ lại là bằng chứng BĐ III = 3,00 m thời kỳ đó. Ngày đỉnh không rõ."
2007-10,kim_long,2007-10-15,4.21,BD3,paper,https://csdlkhoahoc.hueuni.edu.vn/data/2024/7/6519-Article_Text-31346-1-10-20240409.pdf,2026-09-21,trung binh,3,truoc_moc_gay,"P2 Bảng 5 #8, 13-17/10/2007: ""Mực nước dâng cao trên báo động III tại Sông Hương: 4,21 m; tại Sông Bồ là: 4,75 m"". Ngày đỉnh không rõ trong khoảng."
2017-11a,kim_long,2017-11-06,4.03,BD3,paper,https://csdlkhoahoc.hueuni.edu.vn/data/2024/7/6519-Article_Text-31346-1-10-20240409.pdf,2026-09-21,trung binh,3,truoc_moc_gay,"P2 Bảng 5 #9, 3-9/11/2017 (bão số 12): ""Đỉnh lũ lớn nhất trên Sông Hương, tại Kim Long: +4,03 m, trên báo động III là 0,53 m"". 4,03-0,53 = 3,50 ⇒ tới 2017 BĐ III đã là 3,50 m. Ngày đỉnh không rõ."
2017-11b,kim_long,2017-11-24,2.71,BD2,paper,https://csdlkhoahoc.hueuni.edu.vn/data/2024/7/6519-Article_Text-31346-1-10-20240409.pdf,2026-09-21,thap,5,truoc_moc_gay,"P2 Bảng 5 #10, 19-29/11/2017: ""Mực nước đỉnh lũ lớn nhất trên Sông Hương, tại Kim Long: +2,71 m, trên báo động II là 0,71 m"". 2,71-0,71 = 2,00 ⇒ BĐ II = 2,00 m. Khoảng 11 ngày nên ngày đỉnh rất không chắc."
2020-09,kim_long,2020-09-17,0.9,duoi_BD1,paper,https://csdlkhoahoc.hueuni.edu.vn/data/2024/7/6519-Article_Text-31346-1-10-20240409.pdf,2026-09-21,cao,2,truoc_moc_gay,"P2 §3.3 đợt 1, bão Noul 17-18/9/2020: ""Mực nước trên Sông Hương tại Kim Long là +0,9 m dưới báo động I là 0,1 m"". 0,9+0,1 = 1,00 ⇒ BĐ I = 1,00 m. ĐIỂM NEO THẤP — cần cho fit log, đừng bỏ dù không phải lũ."
2020-10a,kim_long,2020-10-09,3.09,BD2,paper,https://csdlkhoahoc.hueuni.edu.vn/data/2024/7/6519-Article_Text-31346-1-10-20240409.pdf,2026-09-21,cao,1,truoc_moc_gay,"P2: ""Sông Hương đạt đỉnh lúc 22 h ngày 9/10 với mức +3,09 m, trên báo động II là 0,09 m"". Có giờ đỉnh cụ thể."
2020-10b,kim_long,2020-10-12,4.17,BD3,paper,https://csdlkhoahoc.hueuni.edu.vn/data/2024/7/6519-Article_Text-31346-1-10-20240409.pdf,2026-09-21,cao,1,truoc_moc_gay,"P2: ""Sông Hương tại Kim Long +4.17 m trên báo động III là 0,67 m"" ngày 12/10 — đỉnh lũ lớn nhất năm 2020. TRÙNG với đỉnh GloFAS trong panel (2.060 m3/s ngày 12/10/2020) ⇒ chứng cứ độc lập cho ô lưới đã chọn."
2020-10c,kim_long,2020-10-17,3.31,BD2,paper,https://csdlkhoahoc.hueuni.edu.vn/data/2024/7/6519-Article_Text-31346-1-10-20240409.pdf,2026-09-21,cao,1,truoc_moc_gay,"P2: ""Sông Hương lúc 14 h ngày 17/10 với mức +3,31 m, dưới báo động III là 0,19 m"". 3,31+0,19 = 3,50 ⇒ BĐ III = 3,50 m."
2020-11,kim_long,2020-11-15,2.03,BD2,paper,https://csdlkhoahoc.hueuni.edu.vn/data/2024/7/6519-Article_Text-31346-1-10-20240409.pdf,2026-09-21,trung binh,1,truoc_moc_gay,"P2 §3.3 đợt 4: ""Mực nước lúc 9 h ngày 15/11 trên Sông Hương, tại Kim Long trên báo động II là 0,03 m"" ⇒ 2,00+0,03 = 2,03 m. Nguồn không cho số tuyệt đối."
2023-11,kim_long,2023-11-15,4.34,BD3,news,https://vnexpress.net/lu-thua-thien-hue-lon-nhat-trong-10-nam-qua-4678067.html,2026-09-21,cao,1,sau_moc_gay,"VnExpress 17/11/2023: ""Lũ sông Hương đạt đỉnh 4,34 m lúc 19h30"" ngày 15/11; ""thấp hơn đỉnh 1999 là 1,47 m"" (5,81-4,34 = 1,47 ✓ khớp số học). SAU mốc gãy GloFAS 2022-07-01 ⇒ chỉ dùng kiểm chứng."
2024-11,kim_long,2024-11-25,3.1,BD2,news,https://www.vietnamplus.vn/chu-dong-ung-pho-lu-tren-song-huong-se-dat-dinh-trong-dem-2511-post995464.vnp,2026-09-21,thap,1,sau_moc_gay,"VietnamPlus 25/11/2024: quan trắc ""lúc 15 giờ ngày 25/11 ... 2,96m, dưới báo động 3 là 0,54m""; đỉnh 3,10 m là DỰ BÁO (""sẽ đạt đỉnh ở khoảng 3,1m""), chưa phải số thực đo ⇒ confidence thap. Cần tìm bản tin xác nhận đỉnh thực đo."
2025-10a,kim_long,2025-10-27,5.05,BD3,news,https://mekongasean.vn/lu-tren-song-huong-dat-di-nh-nuoc-rut-cham-47951.html,2026-09-21,cao,1,sau_moc_gay,"Mekong ASEAN 28/10/2025: ""Mực nước đỉnh lũ tại trạm Kim Long lúc 20h ngày 27/10 đạt 5,05 m, cao hơn mức báo động 3 là 1,55 m"". 5,05-1,55 = 3,50 ✓. Đỉnh cao thứ hai sau 1999."
2025-10b,kim_long,2025-10-29,4.9,BD3,news,https://tuoitre.vn/nld/lu-lich-su-chua-buong-tha-hue-19-gio-toi-nay-lap-dinh-196251029181503119.htm,2026-09-21,thap,1,sau_moc_gay,"Tuổi Trẻ/NLĐ 29/10/2025: chiều 29/10 ""trên sông Hương tại trạm Kim Long đạt 4,57m"", dự báo đỉnh ~4,9 m lúc 19h. 4,90 là DỰ BÁO ⇒ confidence thap, cần bản tin xác nhận."
2025-11,kim_long,2025-11-17,2.81,BD2,news,https://baochinhphu.vn/lu-khan-cap-tren-song-bo-song-huong-o-tp-hue-102251117111735441.htm,2026-09-21,thap,2,sau_moc_gay,"Báo Chính phủ 17/11/2025: ""Mực nước lúc 10h ngày 17/11 ... Sông Hương tại Kim Long: 2,81m, trên BĐ2: 0,81m"". Đây là số ĐANG LÊN lúc 10h, KHÔNG phải đỉnh; bản tin nêu BĐ3 sông Hương là 3,5m. Cần tìm đỉnh thực của đợt này."
