lat,lon,q_mean,q_max
16.25,107.25,2.430940209949795,49.12
16.25,107.3,14.55339114559562,302.39
16.25,107.35,4.880953902327704,108.4
16.25,107.4,4.880953902327704,108.4
16.25,107.45,7.096709265175719,158.59
16.25,107.5,4.200424463715198,100.62
16.25,107.55,45.36912368781378,1092.96
16.25,107.6,1.7244637151985394,44.5
16.25,107.65,1.7244637151985394,44.5
16.25,107.7,1.6561980830670926,43.57
16.25,107.75,1.6576905522592424,41.27
16.3,107.25,2.430940209949795,49.12
16.3,107.3,14.55339114559562,302.39
16.3,107.35,4.880953902327704,108.4
16.3,107.4,4.880953902327704,108.4
16.3,107.45,7.096709265175719,158.59
16.3,107.5,4.200424463715198,100.62
16.3,107.55,45.36912368781378,1092.96
16.3,107.6,1.7244637151985394,44.5
16.3,107.65,1.7244637151985394,44.5
16.3,107.7,1.6561980830670926,43.57
16.3,107.75,1.6576905522592424,41.27
16.35,107.25,7.284249201277955,143.54
16.35,107.3,24.190921953445915,494.45
16.35,107.35,2.337918758557737,50.52
16.35,107.4,2.337918758557737,50.52
16.35,107.45,2.1600912825193976,48.55
16.35,107.5,1.9169055225924239,45.67
16.35,107.55,52.821538110451854,1266.65
16.35,107.6,1.585595618439069,40.98
16.35,107.65,1.585595618439069,40.98
16.35,107.7,4.92261980830671,126.35
16.35,107.75,27.74178913738019,612.76
16.4,107.25,2.4276449109995437,48.32
16.4,107.3,51.77030123231402,1005.93
16.4,107.35,58.18107256960292,1139.25
16.4,107.4,58.18107256960292,1139.25
16.4,107.45,2.0372889091738937,44.5
16.4,107.5,109.34545869465998,2510.89
16.4,107.55,1.7377498858968508,35.31
16.4,107.6,6.463112733911456,130.22
16.4,107.65,6.463112733911456,130.22
16.4,107.7,7.7555408489274305,159.32
16.4,107.75,1.852446371519854,45.67
16.45,107.25,2.346252852578731,45.34
16.45,107.3,2.265340027384756,44.81
16.45,107.35,60.281798265632126,1179.32
16.45,107.4,60.281798265632126,1179.32
16.45,107.45,2.0759151072569604,42.15
16.45,107.5,117.12451848471018,2635.33
16.45,107.55,1.7233135554541303,32.27
16.45,107.6,1.4544865358283887,30.62
16.45,107.65,1.4544865358283887,30.62
16.45,107.7,37.84897763578274,804.38
16.45,107.75,,
16.5,107.25,16.855828388863532,337.84
16.5,107.3,2.1929347329986304,40.59
16.5,107.35,66.78681880419899,1299.17
16.5,107.4,66.78681880419899,1299.17
16.5,107.45,68.826362391602,1329.45
16.5,107.5,189.15205842081244,3970.92
16.5,107.55,1.2960063897763578,26.04
16.5,107.6,39.28306709265176,769.9
16.5,107.65,39.28306709265176,769.9
16.5,107.7,37.83221816522136,782.43
16.5,107.75,,
16.55,107.25,16.855828388863532,337.84
16.55,107.3,2.1929347329986304,40.59
16.55,107.35,66.78681880419899,1299.17
16.55,107.4,66.78681880419899,1299.17
16.55,107.45,68.826362391602,1329.45
16.55,107.5,189.15205842081244,3970.92
16.55,107.55,1.2960063897763578,26.04
16.55,107.6,39.28306709265176,769.9
16.55,107.65,39.28306709265176,769.9
16.55,107.7,37.83221816522136,782.43
16.55,107.75,,
16.6,107.25,18.84071656777727,373.97
16.6,107.3,20.84738019169329,404.51
16.6,107.35,2.04112277498859,37.73
16.6,107.4,2.04112277498859,37.73
16.6,107.45,4.023144682793244,73.13
16.6,107.5,79.53231401186672,1284.29
16.6,107.55,308.26115015974443,5583.7
16.6,107.6,,
16.6,107.65,,
16.6,107.7,,
16.6,107.75,,
16.65,107.25,42.59238703788225,836.53
16.65,107.3,68.58835235052489,1263.74
16.65,107.35,69.99541305340028,1260.83
16.65,107.4,69.99541305340028,1260.83
16.65,107.45,1.0584116841624829,11.05
16.65,107.5,,
16.65,107.55,,
16.65,107.6,,
16.65,107.65,,
16.65,107.7,,
16.65,107.75,,
16.7,107.25,64.92998174349611,1215.19
16.7,107.3,1.7165860337745322,32.96
16.7,107.35,,
16.7,107.4,,
16.7,107.45,,
16.7,107.5,,
16.7,107.55,,
16.7,107.6,,
16.7,107.65,,
16.7,107.7,,
16.7,107.75,,
16.75,107.25,1.413560018256504,15.33
16.75,107.3,,
16.75,107.35,,
16.75,107.4,,
16.75,107.45,,
16.75,107.5,,
16.75,107.55,,
16.75,107.6,,
16.75,107.65,,
16.75,107.7,,
16.75,107.75,,
