lat,lon,q_mean,q_max,q_std,n_missing
16.56,107.59,308.26115015974443,5583.7,526.6097830835616,0
16.66,107.39,69.99541305340028,1260.83,130.0313089625065,0
16.46,107.39,60.281798265632126,1179.32,108.27684160773062,0
16.36,107.59,54.39161113646736,1296.18,104.97605344593319,0
16.36,107.49,49.53512094933821,1115.86,88.65628760160303,0
16.26,107.59,45.36912368781378,1092.96,89.70646769421013,0
16.26,107.49,39.35577818347787,890.25,70.58817466012627,0
16.46,107.69,37.84897763578274,804.38,70.9649251632747,0
16.36,107.79,36.26246919214971,802.53,68.54783808274419,0
16.36,107.69,7.958306709265177,198.07,16.352526396601494,0
16.56,107.49,5.758731172980375,104.2,10.968463016595374,0
16.26,107.39,4.880953902327704,108.4,8.720770584755568,0
16.36,107.39,4.6189228662711095,100.16,8.670856889866764,0
16.46,107.49,4.117215883158375,78.62,7.725843939267808,0
16.56,107.39,2.04112277498859,37.73,3.886880311529067,0
16.46,107.59,1.7233135554541303,32.27,3.149871994470055,0
16.26,107.79,1.6576905522592424,41.27,3.561451394288393,0
16.26,107.69,1.6561980830670926,43.57,3.607247222624025,0
16.46,107.79,,,,2191
16.56,107.69,,,,2191
16.56,107.79,,,,2191
16.66,107.49,,,,2191
16.66,107.59,,,,2191
16.66,107.69,,,,2191
16.66,107.79,,,,2191
